{
  "loss": 0.20584206725470722,
  "accuracy": 0.9659090909090909,
  "precision": 0.9329803719008265,
  "recall": 0.9659090909090909,
  "f1": 0.9491592222806094,
  "auc_roc": 0.0
}